Entity,Year,Access to electricity (% of population),Access to clean fuels for cooking,Renewable-electricity-generating-capacity-per-capita,Financial flows to developing countries (US $),Renewable energy share in the total final energy consumption (%),Electricity from fossil fuels (TWh),Electricity from nuclear (TWh),Electricity from renewables (TWh),Low-carbon electricity (% electricity),Primary energy consumption per capita (kWh/person),Energy intensity level of primary energy (MJ/$2017 PPP GDP),Value_co2_emissions_kt_by_country,Renewables (% equivalent primary energy),gdp_growth,gdp_per_capita,Density\n(P/Km2),Land Area(Km2),Latitude,Longitude,Waste Type,Total Recycled ('000 tonnes),Total Generated ('000 tonnes)
Singapore,2003,100,100,37.03,94224000,0.58,34.21,0,0,0,107484.375,4.41,38159.99985,0.3383669,4.535779654,23730.15245,"8,358",716,1.352083,103.819836,Food waste,32900,548000
Singapore,2003,100,100,37.03,94224000,0.58,34.21,0,0,0,107484.375,4.41,38159.99985,0.3383669,4.535779654,23730.15245,"8,358",716,1.352083,103.819836,Paper/Cardboard,466200,1084700
Singapore,2003,100,100,37.03,94224000,0.58,34.21,0,0,0,107484.375,4.41,38159.99985,0.3383669,4.535779654,23730.15245,"8,358",716,1.352083,103.819836,Plastics,39100,579900
Singapore,2003,100,100,37.03,94224000,0.58,34.21,0,0,0,107484.375,4.41,38159.99985,0.3383669,4.535779654,23730.15245,"8,358",716,1.352083,103.819836,Construction Debris,398300,422900
Singapore,2003,100,100,37.03,94224000,0.58,34.21,0,0,0,107484.375,4.41,38159.99985,0.3383669,4.535779654,23730.15245,"8,358",716,1.352083,103.819836,Wood/Timber,40800,213400
Singapore,2003,100,100,37.03,94224000,0.58,34.21,0,0,0,107484.375,4.41,38159.99985,0.3383669,4.535779654,23730.15245,"8,358",716,1.352083,103.819836,Horticultural Waste,119300,304600
Singapore,2003,100,100,37.03,94224000,0.58,34.21,0,0,0,107484.375,4.41,38159.99985,0.3383669,4.535779654,23730.15245,"8,358",716,1.352083,103.819836,Ferrous Metals,799000,856700
Singapore,2003,100,100,37.03,94224000,0.58,34.21,0,0,0,107484.375,4.41,38159.99985,0.3383669,4.535779654,23730.15245,"8,358",716,1.352083,103.819836,Non-ferrous Metals,75800,93900
Singapore,2003,100,100,37.03,94224000,0.58,34.21,0,0,0,107484.375,4.41,38159.99985,0.3383669,4.535779654,23730.15245,"8,358",716,1.352083,103.819836,Used Slag,238500,260300
Singapore,2003,100,100,37.03,94224000,0.58,34.21,0,0,0,107484.375,4.41,38159.99985,0.3383669,4.535779654,23730.15245,"8,358",716,1.352083,103.819836,Sludge,0,88500
Singapore,2003,100,100,37.03,94224000,0.58,34.21,0,0,0,107484.375,4.41,38159.99985,0.3383669,4.535779654,23730.15245,"8,358",716,1.352083,103.819836,Glass,6200,65500
Singapore,2003,100,100,37.03,94224000,0.58,34.21,0,0,0,107484.375,4.41,38159.99985,0.3383669,4.535779654,23730.15245,"8,358",716,1.352083,103.819836,Textile/Leather,900,91600
Singapore,2003,100,100,37.03,94224000,0.58,34.21,0,0,0,107484.375,4.41,38159.99985,0.3383669,4.535779654,23730.15245,"8,358",716,1.352083,103.819836,Scrap Tyres,6200,14400
Singapore,2003,100,100,37.03,94224000,0.58,34.21,0,0,0,107484.375,4.41,38159.99985,0.3383669,4.535779654,23730.15245,"8,358",716,1.352083,103.819836,"Others (stones, ceramics & rubber etc)",0,103800
Singapore,2003,100,100,37.03,94224000,0.58,34.21,0,0,0,107484.375,4.41,38159.99985,0.3383669,4.535779654,23730.15245,"8,358",716,1.352083,103.819836,Total,2223200,4728200
Singapore,2004,100,100,36.6,94224000,0.53,35.56,0,0,0,119262.51,4.82,39619.99893,0.2925276,9.819591677,27608.53737,"8,358",716,1.352083,103.819836,Food waste,31100,531100
Singapore,2004,100,100,36.6,94224000,0.53,35.56,0,0,0,119262.51,4.82,39619.99893,0.2925276,9.819591677,27608.53737,"8,358",716,1.352083,103.819836,Paper/Cardboard,519900,1132100
Singapore,2004,100,100,36.6,94224000,0.53,35.56,0,0,0,119262.51,4.82,39619.99893,0.2925276,9.819591677,27608.53737,"8,358",716,1.352083,103.819836,Plastics,74100,683100
Singapore,2004,100,100,36.6,94224000,0.53,35.56,0,0,0,119262.51,4.82,39619.99893,0.2925276,9.819591677,27608.53737,"8,358",716,1.352083,103.819836,Construction Debris,471000,509000
Singapore,2004,100,100,36.6,94224000,0.53,35.56,0,0,0,119262.51,4.82,39619.99893,0.2925276,9.819591677,27608.53737,"8,358",716,1.352083,103.819836,Wood/Timber,73700,222300
Singapore,2004,100,100,36.6,94224000,0.53,35.56,0,0,0,119262.51,4.82,39619.99893,0.2925276,9.819591677,27608.53737,"8,358",716,1.352083,103.819836,Horticultural Waste,127900,227000
Singapore,2004,100,100,36.6,94224000,0.53,35.56,0,0,0,119262.51,4.82,39619.99893,0.2925276,9.819591677,27608.53737,"8,358",716,1.352083,103.819836,Ferrous Metals,649900,720200
Singapore,2004,100,100,36.6,94224000,0.53,35.56,0,0,0,119262.51,4.82,39619.99893,0.2925276,9.819591677,27608.53737,"8,358",716,1.352083,103.819836,Non-ferrous Metals,71800,86900
Singapore,2004,100,100,36.6,94224000,0.53,35.56,0,0,0,119262.51,4.82,39619.99893,0.2925276,9.819591677,27608.53737,"8,358",716,1.352083,103.819836,Used Slag,259600,267200
Singapore,2004,100,100,36.6,94224000,0.53,35.56,0,0,0,119262.51,4.82,39619.99893,0.2925276,9.819591677,27608.53737,"8,358",716,1.352083,103.819836,Sludge,0,93900
Singapore,2004,100,100,36.6,94224000,0.53,35.56,0,0,0,119262.51,4.82,39619.99893,0.2925276,9.819591677,27608.53737,"8,358",716,1.352083,103.819836,Glass,4900,73600
Singapore,2004,100,100,36.6,94224000,0.53,35.56,0,0,0,119262.51,4.82,39619.99893,0.2925276,9.819591677,27608.53737,"8,358",716,1.352083,103.819836,Textile/Leather,5000,114500
Singapore,2004,100,100,36.6,94224000,0.53,35.56,0,0,0,119262.51,4.82,39619.99893,0.2925276,9.819591677,27608.53737,"8,358",716,1.352083,103.819836,Scrap Tyres,7200,14700
Singapore,2004,100,100,36.6,94224000,0.53,35.56,0,0,0,119262.51,4.82,39619.99893,0.2925276,9.819591677,27608.53737,"8,358",716,1.352083,103.819836,Others,11000,114100
Singapore,2004,100,100,36.6,94224000,0.53,35.56,0,0,0,119262.51,4.82,39619.99893,0.2925276,9.819591677,27608.53737,"8,358",716,1.352083,103.819836,Total,2307100,4789700
Singapore,2005,100,100,35.84,94224000,0.54,36.84,0,0,0,123551.64,3.07,36900.00153,0.27761883,7.359033677,29961.26328,"8,358",716,1.352083,103.819836,Food waste,36500,531500
Singapore,2005,100,100,35.84,94224000,0.54,36.84,0,0,0,123551.64,3.07,36900.00153,0.27761883,7.359033677,29961.26328,"8,358",716,1.352083,103.819836,Paper/Cardboard,540500,1098600
Singapore,2005,100,100,35.84,94224000,0.54,36.84,0,0,0,123551.64,3.07,36900.00153,0.27761883,7.359033677,29961.26328,"8,358",716,1.352083,103.819836,Plastics,86000,674800
Singapore,2005,100,100,35.84,94224000,0.54,36.84,0,0,0,123551.64,3.07,36900.00153,0.27761883,7.359033677,29961.26328,"8,358",716,1.352083,103.819836,Construction Debris,465300,492500
Singapore,2005,100,100,35.84,94224000,0.54,36.84,0,0,0,123551.64,3.07,36900.00153,0.27761883,7.359033677,29961.26328,"8,358",716,1.352083,103.819836,Wood/Timber,90000,239300
Singapore,2005,100,100,35.84,94224000,0.54,36.84,0,0,0,123551.64,3.07,36900.00153,0.27761883,7.359033677,29961.26328,"8,358",716,1.352083,103.819836,Horticultural Waste,101000,199500
Singapore,2005,100,100,35.84,94224000,0.54,36.84,0,0,0,123551.64,3.07,36900.00153,0.27761883,7.359033677,29961.26328,"8,358",716,1.352083,103.819836,Ferrous Metals,749100,818300
Singapore,2005,100,100,35.84,94224000,0.54,36.84,0,0,0,123551.64,3.07,36900.00153,0.27761883,7.359033677,29961.26328,"8,358",716,1.352083,103.819836,Non-ferrous Metals,74700,89400
Singapore,2005,100,100,35.84,94224000,0.54,36.84,0,0,0,123551.64,3.07,36900.00153,0.27761883,7.359033677,29961.26328,"8,358",716,1.352083,103.819836,Used Slag,298900,382400
Singapore,2005,100,100,35.84,94224000,0.54,36.84,0,0,0,123551.64,3.07,36900.00153,0.27761883,7.359033677,29961.26328,"8,358",716,1.352083,103.819836,Sludge,0,98300
Singapore,2005,100,100,35.84,94224000,0.54,36.84,0,0,0,123551.64,3.07,36900.00153,0.27761883,7.359033677,29961.26328,"8,358",716,1.352083,103.819836,Glass,3800,62600
Singapore,2005,100,100,35.84,94224000,0.54,36.84,0,0,0,123551.64,3.07,36900.00153,0.27761883,7.359033677,29961.26328,"8,358",716,1.352083,103.819836,Textile/Leather,4000,89000
Singapore,2005,100,100,35.84,94224000,0.54,36.84,0,0,0,123551.64,3.07,36900.00153,0.27761883,7.359033677,29961.26328,"8,358",716,1.352083,103.819836,Scrap Tyres,10800,16800
Singapore,2005,100,100,35.84,94224000,0.54,36.84,0,0,0,123551.64,3.07,36900.00153,0.27761883,7.359033677,29961.26328,"8,358",716,1.352083,103.819836,"Others (stones, ceramics & rubber etc)",8800,225200
Singapore,2005,100,100,35.84,94224000,0.54,36.84,0,0,0,123551.64,3.07,36900.00153,0.27761883,7.359033677,29961.26328,"8,358",716,1.352083,103.819836,Total,2469400,5018200
Singapore,2006,100,100,34.73,94224000,0.52,38.03,0,0,0,131721.67,3.03,37169.99817,0.25025177,9.00514373,33769.15416,"8,358",716,1.352083,103.819836,Food waste,44700,542700
Singapore,2006,100,100,34.73,94224000,0.52,38.03,0,0,0,131721.67,3.03,37169.99817,0.25025177,9.00514373,33769.15416,"8,358",716,1.352083,103.819836,Paper/Cardboard,571400,1116300
Singapore,2006,100,100,34.73,94224000,0.52,38.03,0,0,0,131721.67,3.03,37169.99817,0.25025177,9.00514373,33769.15416,"8,358",716,1.352083,103.819836,Plastics,77800,656800
Singapore,2006,100,100,34.73,94224000,0.52,38.03,0,0,0,131721.67,3.03,37169.99817,0.25025177,9.00514373,33769.15416,"8,358",716,1.352083,103.819836,Construction Debris,604000,619000
Singapore,2006,100,100,34.73,94224000,0.52,38.03,0,0,0,131721.67,3.03,37169.99817,0.25025177,9.00514373,33769.15416,"8,358",716,1.352083,103.819836,Wood/Timber,81700,223700
Singapore,2006,100,100,34.73,94224000,0.52,38.03,0,0,0,131721.67,3.03,37169.99817,0.25025177,9.00514373,33769.15416,"8,358",716,1.352083,103.819836,Horticultural Waste,87000,231000
Singapore,2006,100,100,34.73,94224000,0.52,38.03,0,0,0,131721.67,3.03,37169.99817,0.25025177,9.00514373,33769.15416,"8,358",716,1.352083,103.819836,Ferrous Metals,657400,725900
Singapore,2006,100,100,34.73,94224000,0.52,38.03,0,0,0,131721.67,3.03,37169.99817,0.25025177,9.00514373,33769.15416,"8,358",716,1.352083,103.819836,Non-ferrous Metals,70700,86700
Singapore,2006,100,100,34.73,94224000,0.52,38.03,0,0,0,131721.67,3.03,37169.99817,0.25025177,9.00514373,33769.15416,"8,358",716,1.352083,103.819836,Used Slag,417000,470600
Singapore,2006,100,100,34.73,94224000,0.52,38.03,0,0,0,131721.67,3.03,37169.99817,0.25025177,9.00514373,33769.15416,"8,358",716,1.352083,103.819836,Sludge,0,126800
Singapore,2006,100,100,34.73,94224000,0.52,38.03,0,0,0,131721.67,3.03,37169.99817,0.25025177,9.00514373,33769.15416,"8,358",716,1.352083,103.819836,Glass,6400,63000
Singapore,2006,100,100,34.73,94224000,0.52,38.03,0,0,0,131721.67,3.03,37169.99817,0.25025177,9.00514373,33769.15416,"8,358",716,1.352083,103.819836,Textile/Leather,4100,91800
Singapore,2006,100,100,34.73,94224000,0.52,38.03,0,0,0,131721.67,3.03,37169.99817,0.25025177,9.00514373,33769.15416,"8,358",716,1.352083,103.819836,Scrap Tyres,19400,23900
Singapore,2006,100,100,34.73,94224000,0.52,38.03,0,0,0,131721.67,3.03,37169.99817,0.25025177,9.00514373,33769.15416,"8,358",716,1.352083,103.819836,"Others (stones, ceramics & rubber etc)",15300,242300
Singapore,2006,100,100,34.73,94224000,0.52,38.03,0,0,0,131721.67,3.03,37169.99817,0.25025177,9.00514373,33769.15416,"8,358",716,1.352083,103.819836,Total,2656900,5220500
Singapore,2007,100,100,33.39,94224000,0.5,39.64,0,0,0,136257.9,2.56,38290.00092,0.2428374,9.022133014,39432.93835,"8,358",716,1.352083,103.819836,Food waste,51200,558900
Singapore,2007,100,100,33.39,94224000,0.5,39.64,0,0,0,136257.9,2.56,38290.00092,0.2428374,9.022133014,39432.93835,"8,358",716,1.352083,103.819836,Paper/Cardboard,619000,1202900
Singapore,2007,100,100,33.39,94224000,0.5,39.64,0,0,0,136257.9,2.56,38290.00092,0.2428374,9.022133014,39432.93835,"8,358",716,1.352083,103.819836,Plastics,75000,659800
Singapore,2007,100,100,33.39,94224000,0.5,39.64,0,0,0,136257.9,2.56,38290.00092,0.2428374,9.022133014,39432.93835,"8,358",716,1.352083,103.819836,Construction Debris,759300,778300
Singapore,2007,100,100,33.39,94224000,0.5,39.64,0,0,0,136257.9,2.56,38290.00092,0.2428374,9.022133014,39432.93835,"8,358",716,1.352083,103.819836,Wood/Timber,127800,246200
Singapore,2007,100,100,33.39,94224000,0.5,39.64,0,0,0,136257.9,2.56,38290.00092,0.2428374,9.022133014,39432.93835,"8,358",716,1.352083,103.819836,Horticultural Waste,91100,224600
Singapore,2007,100,100,33.39,94224000,0.5,39.64,0,0,0,136257.9,2.56,38290.00092,0.2428374,9.022133014,39432.93835,"8,358",716,1.352083,103.819836,Ferrous Metal,668000,736500
Singapore,2007,100,100,33.39,94224000,0.5,39.64,0,0,0,136257.9,2.56,38290.00092,0.2428374,9.022133014,39432.93835,"8,358",716,1.352083,103.819836,Non-ferrous Metals,75600,92300
Singapore,2007,100,100,33.39,94224000,0.5,39.64,0,0,0,136257.9,2.56,38290.00092,0.2428374,9.022133014,39432.93835,"8,358",716,1.352083,103.819836,Used Slag,520000,527200
Singapore,2007,100,100,33.39,94224000,0.5,39.64,0,0,0,136257.9,2.56,38290.00092,0.2428374,9.022133014,39432.93835,"8,358",716,1.352083,103.819836,Sludge,0,124600
Singapore,2007,100,100,33.39,94224000,0.5,39.64,0,0,0,136257.9,2.56,38290.00092,0.2428374,9.022133014,39432.93835,"8,358",716,1.352083,103.819836,Glass,5800,65300
Singapore,2007,100,100,33.39,94224000,0.5,39.64,0,0,0,136257.9,2.56,38290.00092,0.2428374,9.022133014,39432.93835,"8,358",716,1.352083,103.819836,Textile/Leather,6000,110100
Singapore,2007,100,100,33.39,94224000,0.5,39.64,0,0,0,136257.9,2.56,38290.00092,0.2428374,9.022133014,39432.93835,"8,358",716,1.352083,103.819836,Scrap Tyres,22000,25500
Singapore,2007,100,100,33.39,94224000,0.5,39.64,0,0,0,136257.9,2.56,38290.00092,0.2428374,9.022133014,39432.93835,"8,358",716,1.352083,103.819836,"Others (stones, ceramics & rubber etc)",14000,248600
Singapore,2007,100,100,33.39,94224000,0.5,39.64,0,0,0,136257.9,2.56,38290.00092,0.2428374,9.022133014,39432.93835,"8,358",716,1.352083,103.819836,Total,3034800,5600800
Singapore,2008,100,100,32.07,94224000,0.53,40.27,0,0,0,140055.12,2.9,38419.99817,0.24099082,1.868245534,40007.46926,"8,358",716,1.352083,103.819836,Food waste,68000,568000
Singapore,2008,100,100,32.07,94224000,0.53,40.27,0,0,0,140055.12,2.9,38419.99817,0.24099082,1.868245534,40007.46926,"8,358",716,1.352083,103.819836,Paper/Cardboard,608600,1262500
Singapore,2008,100,100,32.07,94224000,0.53,40.27,0,0,0,140055.12,2.9,38419.99817,0.24099082,1.868245534,40007.46926,"8,358",716,1.352083,103.819836,Plastics,61200,684400
Singapore,2008,100,100,32.07,94224000,0.53,40.27,0,0,0,140055.12,2.9,38419.99817,0.24099082,1.868245534,40007.46926,"8,358",716,1.352083,103.819836,Construction Debris,900000,922000
Singapore,2008,100,100,32.07,94224000,0.53,40.27,0,0,0,140055.12,2.9,38419.99817,0.24099082,1.868245534,40007.46926,"8,358",716,1.352083,103.819836,Wood/Timber,190200,269600
Singapore,2008,100,100,32.07,94224000,0.53,40.27,0,0,0,140055.12,2.9,38419.99817,0.24099082,1.868245534,40007.46926,"8,358",716,1.352083,103.819836,Horticultural Waste,96000,229300
Singapore,2008,100,100,32.07,94224000,0.53,40.27,0,0,0,140055.12,2.9,38419.99817,0.24099082,1.868245534,40007.46926,"8,358",716,1.352083,103.819836,Ferrous Metal,735000,784800
Singapore,2008,100,100,32.07,94224000,0.53,40.27,0,0,0,140055.12,2.9,38419.99817,0.24099082,1.868245534,40007.46926,"8,358",716,1.352083,103.819836,Non-ferrous Metals,72000,85000
Singapore,2008,100,100,32.07,94224000,0.53,40.27,0,0,0,140055.12,2.9,38419.99817,0.24099082,1.868245534,40007.46926,"8,358",716,1.352083,103.819836,Used Slag,560500,566200
Singapore,2008,100,100,32.07,94224000,0.53,40.27,0,0,0,140055.12,2.9,38419.99817,0.24099082,1.868245534,40007.46926,"8,358",716,1.352083,103.819836,Sludge,0,114600
Singapore,2008,100,100,32.07,94224000,0.53,40.27,0,0,0,140055.12,2.9,38419.99817,0.24099082,1.868245534,40007.46926,"8,358",716,1.352083,103.819836,Glass,10000,57100
Singapore,2008,100,100,32.07,94224000,0.53,40.27,0,0,0,140055.12,2.9,38419.99817,0.24099082,1.868245534,40007.46926,"8,358",716,1.352083,103.819836,Textile/Leather,11000,93300
Singapore,2008,100,100,32.07,94224000,0.53,40.27,0,0,0,140055.12,2.9,38419.99817,0.24099082,1.868245534,40007.46926,"8,358",716,1.352083,103.819836,Scrap Tyres,22100,25100
Singapore,2008,100,100,32.07,94224000,0.53,40.27,0,0,0,140055.12,2.9,38419.99817,0.24099082,1.868245534,40007.46926,"8,358",716,1.352083,103.819836,"Others (stones, ceramics & rubber etc)",8000,308300
Singapore,2008,100,100,32.07,94224000,0.53,40.27,0,0,0,140055.12,2.9,38419.99817,0.24099082,1.868245534,40007.46926,"8,358",716,1.352083,103.819836,Total,3342600,5970200
Singapore,2009,100,100,26.16,94224000,0.48,40.47,0,0,0,145354.05,3.05,38830.00183,0.22723757,0.120982742,38927.20688,"8,358",716,1.352083,103.819836,Food waste,76700,606100
Singapore,2009,100,100,26.16,94224000,0.48,40.47,0,0,0,145354.05,3.05,38830.00183,0.22723757,0.120982742,38927.20688,"8,358",716,1.352083,103.819836,Paper/Cardboard,574200,1201000
Singapore,2009,100,100,26.16,94224000,0.48,40.47,0,0,0,145354.05,3.05,38830.00183,0.22723757,0.120982742,38927.20688,"8,358",716,1.352083,103.819836,Plastics,60300,688900
Singapore,2009,100,100,26.16,94224000,0.48,40.47,0,0,0,145354.05,3.05,38830.00183,0.22723757,0.120982742,38927.20688,"8,358",716,1.352083,103.819836,Construction Debris,1150700,1175800
Singapore,2009,100,100,26.16,94224000,0.48,40.47,0,0,0,145354.05,3.05,38830.00183,0.22723757,0.120982742,38927.20688,"8,358",716,1.352083,103.819836,Wood/Timber,207400,287600
Singapore,2009,100,100,26.16,94224000,0.48,40.47,0,0,0,145354.05,3.05,38830.00183,0.22723757,0.120982742,38927.20688,"8,358",716,1.352083,103.819836,Horticultural Waste,93500,238100
Singapore,2009,100,100,26.16,94224000,0.48,40.47,0,0,0,145354.05,3.05,38830.00183,0.22723757,0.120982742,38927.20688,"8,358",716,1.352083,103.819836,Ferrous Metal,806200,872000
Singapore,2009,100,100,26.16,94224000,0.48,40.47,0,0,0,145354.05,3.05,38830.00183,0.22723757,0.120982742,38927.20688,"8,358",716,1.352083,103.819836,Non-ferrous Metals,47500,57600
Singapore,2009,100,100,26.16,94224000,0.48,40.47,0,0,0,145354.05,3.05,38830.00183,0.22723757,0.120982742,38927.20688,"8,358",716,1.352083,103.819836,Used Slag,418600,422400
Singapore,2009,100,100,26.16,94224000,0.48,40.47,0,0,0,145354.05,3.05,38830.00183,0.22723757,0.120982742,38927.20688,"8,358",716,1.352083,103.819836,Sludge,0,88900
Singapore,2009,100,100,26.16,94224000,0.48,40.47,0,0,0,145354.05,3.05,38830.00183,0.22723757,0.120982742,38927.20688,"8,358",716,1.352083,103.819836,Glass,15600,73100
Singapore,2009,100,100,26.16,94224000,0.48,40.47,0,0,0,145354.05,3.05,38830.00183,0.22723757,0.120982742,38927.20688,"8,358",716,1.352083,103.819836,Textile/Leather,12600,109100
Singapore,2009,100,100,26.16,94224000,0.48,40.47,0,0,0,145354.05,3.05,38830.00183,0.22723757,0.120982742,38927.20688,"8,358",716,1.352083,103.819836,Scrap Tyres,18700,22600
Singapore,2009,100,100,26.16,94224000,0.48,40.47,0,0,0,145354.05,3.05,38830.00183,0.22723757,0.120982742,38927.20688,"8,358",716,1.352083,103.819836,"Others (stones, ceramics & rubber etc)",3200,270900
Singapore,2009,100,100,26.16,94224000,0.48,40.47,0,0,0,145354.05,3.05,38830.00183,0.22723757,0.120982742,38927.20688,"8,358",716,1.352083,103.819836,Total,3485200,6114100
Singapore,2010,100,100,25.61,94224000,0.47,43.05,0,0,0,149763.22,2.48,42409.99985,0.23598696,14.52563899,47236.96023,"8,358",716,1.352083,103.819836,Food waste,102400,640500
Singapore,2010,100,100,25.61,94224000,0.47,43.05,0,0,0,149763.22,2.48,42409.99985,0.23598696,14.52563899,47236.96023,"8,358",716,1.352083,103.819836,Paper/Cardboard,738200,1383900
Singapore,2010,100,100,25.61,94224000,0.47,43.05,0,0,0,149763.22,2.48,42409.99985,0.23598696,14.52563899,47236.96023,"8,358",716,1.352083,103.819836,Plastics,78100,740400
Singapore,2010,100,100,25.61,94224000,0.47,43.05,0,0,0,149763.22,2.48,42409.99985,0.23598696,14.52563899,47236.96023,"8,358",716,1.352083,103.819836,Construction Debris,912400,921800
Singapore,2010,100,100,25.61,94224000,0.47,43.05,0,0,0,149763.22,2.48,42409.99985,0.23598696,14.52563899,47236.96023,"8,358",716,1.352083,103.819836,Wood/Timber,190000,270000
Singapore,2010,100,100,25.61,94224000,0.47,43.05,0,0,0,149763.22,2.48,42409.99985,0.23598696,14.52563899,47236.96023,"8,358",716,1.352083,103.819836,Horticultural Waste,99200,251000
Singapore,2010,100,100,25.61,94224000,0.47,43.05,0,0,0,149763.22,2.48,42409.99985,0.23598696,14.52563899,47236.96023,"8,358",716,1.352083,103.819836,Ferrous Metal,1127500,1194600
Singapore,2010,100,100,25.61,94224000,0.47,43.05,0,0,0,149763.22,2.48,42409.99985,0.23598696,14.52563899,47236.96023,"8,358",716,1.352083,103.819836,Non-ferrous Metals,73100,85500
Singapore,2010,100,100,25.61,94224000,0.47,43.05,0,0,0,149763.22,2.48,42409.99985,0.23598696,14.52563899,47236.96023,"8,358",716,1.352083,103.819836,Used Slag,378900,382700
Singapore,2010,100,100,25.61,94224000,0.47,43.05,0,0,0,149763.22,2.48,42409.99985,0.23598696,14.52563899,47236.96023,"8,358",716,1.352083,103.819836,Sludge,0,114400
Singapore,2010,100,100,25.61,94224000,0.47,43.05,0,0,0,149763.22,2.48,42409.99985,0.23598696,14.52563899,47236.96023,"8,358",716,1.352083,103.819836,Glass,19200,79900
Singapore,2010,100,100,25.61,94224000,0.47,43.05,0,0,0,149763.22,2.48,42409.99985,0.23598696,14.52563899,47236.96023,"8,358",716,1.352083,103.819836,Textile/Leather,14700,120900
Singapore,2010,100,100,25.61,94224000,0.47,43.05,0,0,0,149763.22,2.48,42409.99985,0.23598696,14.52563899,47236.96023,"8,358",716,1.352083,103.819836,Scrap Tyres,20000,24000
Singapore,2010,100,100,25.61,94224000,0.47,43.05,0,0,0,149763.22,2.48,42409.99985,0.23598696,14.52563899,47236.96023,"8,358",716,1.352083,103.819836,"Others (stones, ceramics & rubber etc)",3800,307400
Singapore,2010,100,100,25.61,94224000,0.47,43.05,0,0,0,149763.22,2.48,42409.99985,0.23598696,14.52563899,47236.96023,"8,358",716,1.352083,103.819836,Total,3757500,6517000
Singapore,2011,100,100,25.27,94224000,0.48,43.66,0,0.01,0.022899017,151959.9,2.05,44770.00046,0.23450488,6.337870814,53890.42873,"8,358",716,1.352083,103.819836,Food waste,69700,675500
Singapore,2011,100,100,25.27,94224000,0.48,43.66,0,0.01,0.022899017,151959.9,2.05,44770.00046,0.23450488,6.337870814,53890.42873,"8,358",716,1.352083,103.819836,Paper/Cardboard,765000,1368200
Singapore,2011,100,100,25.27,94224000,0.48,43.66,0,0.01,0.022899017,151959.9,2.05,44770.00046,0.23450488,6.337870814,53890.42873,"8,358",716,1.352083,103.819836,Plastics,77000,733000
Singapore,2011,100,100,25.27,94224000,0.48,43.66,0,0.01,0.022899017,151959.9,2.05,44770.00046,0.23450488,6.337870814,53890.42873,"8,358",716,1.352083,103.819836,Construction Debris,1191100,1203700
Singapore,2011,100,100,25.27,94224000,0.48,43.66,0,0.01,0.022899017,151959.9,2.05,44770.00046,0.23450488,6.337870814,53890.42873,"8,358",716,1.352083,103.819836,Wood/Timber,176500,273900
Singapore,2011,100,100,25.27,94224000,0.48,43.66,0,0.01,0.022899017,151959.9,2.05,44770.00046,0.23450488,6.337870814,53890.42873,"8,358",716,1.352083,103.819836,Horticultural Waste,89000,238800
Singapore,2011,100,100,25.27,94224000,0.48,43.66,0,0.01,0.022899017,151959.9,2.05,44770.00046,0.23450488,6.337870814,53890.42873,"8,358",716,1.352083,103.819836,Ferrous Metal,1171600,1239200
Singapore,2011,100,100,25.27,94224000,0.48,43.66,0,0.01,0.022899017,151959.9,2.05,44770.00046,0.23450488,6.337870814,53890.42873,"8,358",716,1.352083,103.819836,Non-ferrous Metals,102800,117300
Singapore,2011,100,100,25.27,94224000,0.48,43.66,0,0.01,0.022899017,151959.9,2.05,44770.00046,0.23450488,6.337870814,53890.42873,"8,358",716,1.352083,103.819836,Used Slag,335900,341600
Singapore,2011,100,100,25.27,94224000,0.48,43.66,0,0.01,0.022899017,151959.9,2.05,44770.00046,0.23450488,6.337870814,53890.42873,"8,358",716,1.352083,103.819836,Sludge,0,152900
Singapore,2011,100,100,25.27,94224000,0.48,43.66,0,0.01,0.022899017,151959.9,2.05,44770.00046,0.23450488,6.337870814,53890.42873,"8,358",716,1.352083,103.819836,Glass,21400,72800
Singapore,2011,100,100,25.27,94224000,0.48,43.66,0,0.01,0.022899017,151959.9,2.05,44770.00046,0.23450488,6.337870814,53890.42873,"8,358",716,1.352083,103.819836,Textile/Leather,17300,131000
Singapore,2011,100,100,25.27,94224000,0.48,43.66,0,0.01,0.022899017,151959.9,2.05,44770.00046,0.23450488,6.337870814,53890.42873,"8,358",716,1.352083,103.819836,Scrap Tyres,18300,22000
Singapore,2011,100,100,25.27,94224000,0.48,43.66,0,0.01,0.022899017,151959.9,2.05,44770.00046,0.23450488,6.337870814,53890.42873,"8,358",716,1.352083,103.819836,"Others (stones, ceramics & rubber etc)",3200,328400
Singapore,2011,100,100,25.27,94224000,0.48,43.66,0,0.01,0.022899017,151959.9,2.05,44770.00046,0.23450488,6.337870814,53890.42873,"8,358",716,1.352083,103.819836,Total,4038800,6898300
Singapore,2012,100,100,25.37,94224000,0.51,44.51,0,0.01,0.022461815,149476.58,2.31,43689.99863,0.24628179,4.461608951,55546.48854,"8,358",716,1.352083,103.819836,Food waste,85100,703200
Singapore,2012,100,100,25.37,94224000,0.51,44.51,0,0.01,0.022461815,149476.58,2.31,43689.99863,0.24628179,4.461608951,55546.48854,"8,358",716,1.352083,103.819836,Paper/Cardboard,696700,1252000
Singapore,2012,100,100,25.37,94224000,0.51,44.51,0,0.01,0.022461815,149476.58,2.31,43689.99863,0.24628179,4.461608951,55546.48854,"8,358",716,1.352083,103.819836,Plastics,82100,803400
Singapore,2012,100,100,25.37,94224000,0.51,44.51,0,0.01,0.022461815,149476.58,2.31,43689.99863,0.24628179,4.461608951,55546.48854,"8,358",716,1.352083,103.819836,Construction Debris,1282700,1291800
Singapore,2012,100,100,25.37,94224000,0.51,44.51,0,0.01,0.022461815,149476.58,2.31,43689.99863,0.24628179,4.461608951,55546.48854,"8,358",716,1.352083,103.819836,Wood/Timber,236000,343800
Singapore,2012,100,100,25.37,94224000,0.51,44.51,0,0.01,0.022461815,149476.58,2.31,43689.99863,0.24628179,4.461608951,55546.48854,"8,358",716,1.352083,103.819836,Horticultural Waste,108000,247800
Singapore,2012,100,100,25.37,94224000,0.51,44.51,0,0.01,0.022461815,149476.58,2.31,43689.99863,0.24628179,4.461608951,55546.48854,"8,358",716,1.352083,103.819836,Ferrous Metal,1331200,1386000
Singapore,2012,100,100,25.37,94224000,0.51,44.51,0,0.01,0.022461815,149476.58,2.31,43689.99863,0.24628179,4.461608951,55546.48854,"8,358",716,1.352083,103.819836,Non-ferrous Metals,97300,122500
Singapore,2012,100,100,25.37,94224000,0.51,44.51,0,0.01,0.022461815,149476.58,2.31,43689.99863,0.24628179,4.461608951,55546.48854,"8,358",716,1.352083,103.819836,Used Slag,358000,367800
Singapore,2012,100,100,25.37,94224000,0.51,44.51,0,0.01,0.022461815,149476.58,2.31,43689.99863,0.24628179,4.461608951,55546.48854,"8,358",716,1.352083,103.819836,Sludge,0,160200
Singapore,2012,100,100,25.37,94224000,0.51,44.51,0,0.01,0.022461815,149476.58,2.31,43689.99863,0.24628179,4.461608951,55546.48854,"8,358",716,1.352083,103.819836,Glass,19500,74900
Singapore,2012,100,100,25.37,94224000,0.51,44.51,0,0.01,0.022461815,149476.58,2.31,43689.99863,0.24628179,4.461608951,55546.48854,"8,358",716,1.352083,103.819836,Textile/Leather,18300,159300
Singapore,2012,100,100,25.37,94224000,0.51,44.51,0,0.01,0.022461815,149476.58,2.31,43689.99863,0.24628179,4.461608951,55546.48854,"8,358",716,1.352083,103.819836,Scrap Tyres,16100,18400
Singapore,2012,100,100,25.37,94224000,0.51,44.51,0,0.01,0.022461815,149476.58,2.31,43689.99863,0.24628179,4.461608951,55546.48854,"8,358",716,1.352083,103.819836,"Others (stones, ceramics & rubber etc)",4600,338400
Singapore,2012,100,100,25.37,94224000,0.51,44.51,0,0.01,0.022461815,149476.58,2.31,43689.99863,0.24628179,4.461608951,55546.48854,"8,358",716,1.352083,103.819836,Total,4335600,7269500
Singapore,2013,100,100,31.58,94224000,0.56,45.5,0,0.16,0.35041612,148317.19,2.39,43909.99985,0.26858902,4.837298646,56967.42579,"8,358",716,1.352083,103.819836,Food waste,100000,796000
Singapore,2013,100,100,31.58,94224000,0.56,45.5,0,0.16,0.35041612,148317.19,2.39,43909.99985,0.26858902,4.837298646,56967.42579,"8,358",716,1.352083,103.819836,Paper/Cardboard,679400,1261100
Singapore,2013,100,100,31.58,94224000,0.56,45.5,0,0.16,0.35041612,148317.19,2.39,43909.99985,0.26858902,4.837298646,56967.42579,"8,358",716,1.352083,103.819836,Plastics,91100,832200
Singapore,2013,100,100,31.58,94224000,0.56,45.5,0,0.16,0.35041612,148317.19,2.39,43909.99985,0.26858902,4.837298646,56967.42579,"8,358",716,1.352083,103.819836,Construction Debris,1683000,1695300
Singapore,2013,100,100,31.58,94224000,0.56,45.5,0,0.16,0.35041612,148317.19,2.39,43909.99985,0.26858902,4.837298646,56967.42579,"8,358",716,1.352083,103.819836,Wood/Timber,254600,332400
Singapore,2013,100,100,31.58,94224000,0.56,45.5,0,0.16,0.35041612,148317.19,2.39,43909.99985,0.26858902,4.837298646,56967.42579,"8,358",716,1.352083,103.819836,Horticultural Waste,120900,252600
Singapore,2013,100,100,31.58,94224000,0.56,45.5,0,0.16,0.35041612,148317.19,2.39,43909.99985,0.26858902,4.837298646,56967.42579,"8,358",716,1.352083,103.819836,Ferrous Metal,1369200,1416000
Singapore,2013,100,100,31.58,94224000,0.56,45.5,0,0.16,0.35041612,148317.19,2.39,43909.99985,0.26858902,4.837298646,56967.42579,"8,358",716,1.352083,103.819836,Non-ferrous Metals,114000,135100
Singapore,2013,100,100,31.58,94224000,0.56,45.5,0,0.16,0.35041612,148317.19,2.39,43909.99985,0.26858902,4.837298646,56967.42579,"8,358",716,1.352083,103.819836,Used Slag,344800,353700
Singapore,2013,100,100,31.58,94224000,0.56,45.5,0,0.16,0.35041612,148317.19,2.39,43909.99985,0.26858902,4.837298646,56967.42579,"8,358",716,1.352083,103.819836,Sludge,14200,190600
Singapore,2013,100,100,31.58,94224000,0.56,45.5,0,0.16,0.35041612,148317.19,2.39,43909.99985,0.26858902,4.837298646,56967.42579,"8,358",716,1.352083,103.819836,Glass,14600,73500
Singapore,2013,100,100,31.58,94224000,0.56,45.5,0,0.16,0.35041612,148317.19,2.39,43909.99985,0.26858902,4.837298646,56967.42579,"8,358",716,1.352083,103.819836,Textile/Leather,16300,156600
Singapore,2013,100,100,31.58,94224000,0.56,45.5,0,0.16,0.35041612,148317.19,2.39,43909.99985,0.26858902,4.837298646,56967.42579,"8,358",716,1.352083,103.819836,Scrap Tyres,19000,21600
Singapore,2013,100,100,31.58,94224000,0.56,45.5,0,0.16,0.35041612,148317.19,2.39,43909.99985,0.26858902,4.837298646,56967.42579,"8,358",716,1.352083,103.819836,"Others (stones, ceramics & rubber etc)",4800,334800
Singapore,2013,100,100,31.58,94224000,0.56,45.5,0,0.16,0.35041612,148317.19,2.39,43909.99985,0.26858902,4.837298646,56967.42579,"8,358",716,1.352083,103.819836,Total,4825900,7851500
Singapore,2014,100,100,37.77,94224000,0.59,46.68,0,0.28,0.59625214,148692.52,2.52,44400.00153,0.2785132,3.938002729,57562.53079,"8,358",716,1.352083,103.819836,Food,101400,788600
Singapore,2014,100,100,37.77,94224000,0.59,46.68,0,0.28,0.59625214,148692.52,2.52,44400.00153,0.2785132,3.938002729,57562.53079,"8,358",716,1.352083,103.819836,Paper/Cardboard,646500,1237400
Singapore,2014,100,100,37.77,94224000,0.59,46.68,0,0.28,0.59625214,148692.52,2.52,44400.00153,0.2785132,3.938002729,57562.53079,"8,358",716,1.352083,103.819836,Plastics,80000,869000
Singapore,2014,100,100,37.77,94224000,0.59,46.68,0,0.28,0.59625214,148692.52,2.52,44400.00153,0.2785132,3.938002729,57562.53079,"8,358",716,1.352083,103.819836,C&D,1260000,1269700
Singapore,2014,100,100,37.77,94224000,0.59,46.68,0,0.28,0.59625214,148692.52,2.52,44400.00153,0.2785132,3.938002729,57562.53079,"8,358",716,1.352083,103.819836,Horticultural waste,163000,278300
Singapore,2014,100,100,37.77,94224000,0.59,46.68,0,0.28,0.59625214,148692.52,2.52,44400.00153,0.2785132,3.938002729,57562.53079,"8,358",716,1.352083,103.819836,Wood,293400,367900
Singapore,2014,100,100,37.77,94224000,0.59,46.68,0,0.28,0.59625214,148692.52,2.52,44400.00153,0.2785132,3.938002729,57562.53079,"8,358",716,1.352083,103.819836,Ferrous metal,1388900,1445900
Singapore,2014,100,100,37.77,94224000,0.59,46.68,0,0.28,0.59625214,148692.52,2.52,44400.00153,0.2785132,3.938002729,57562.53079,"8,358",716,1.352083,103.819836,Non-ferrous metal,94700,118400
Singapore,2014,100,100,37.77,94224000,0.59,46.68,0,0.28,0.59625214,148692.52,2.52,44400.00153,0.2785132,3.938002729,57562.53079,"8,358",716,1.352083,103.819836,Used slag,361200,366300
Singapore,2014,100,100,37.77,94224000,0.59,46.68,0,0.28,0.59625214,148692.52,2.52,44400.00153,0.2785132,3.938002729,57562.53079,"8,358",716,1.352083,103.819836,Ash & Sludge,21700,148500
Singapore,2014,100,100,37.77,94224000,0.59,46.68,0,0.28,0.59625214,148692.52,2.52,44400.00153,0.2785132,3.938002729,57562.53079,"8,358",716,1.352083,103.819836,Glass,15700,79500
Singapore,2014,100,100,37.77,94224000,0.59,46.68,0,0.28,0.59625214,148692.52,2.52,44400.00153,0.2785132,3.938002729,57562.53079,"8,358",716,1.352083,103.819836,Textile/Leather,16800,158600
Singapore,2014,100,100,37.77,94224000,0.59,46.68,0,0.28,0.59625214,148692.52,2.52,44400.00153,0.2785132,3.938002729,57562.53079,"8,358",716,1.352083,103.819836,Scrap tyres,23100,26200
Singapore,2014,100,100,37.77,94224000,0.59,46.68,0,0.28,0.59625214,148692.52,2.52,44400.00153,0.2785132,3.938002729,57562.53079,"8,358",716,1.352083,103.819836,"Others (stones, ceramics & rubber etc)",4700,360100
Singapore,2014,100,100,37.77,94224000,0.59,46.68,0,0.28,0.59625214,148692.52,2.52,44400.00153,0.2785132,3.938002729,57562.53079,"8,358",716,1.352083,103.819836,Total,4471100,7514500
Singapore,2015,100,100,44.91,94224000,0.65,47.45,0,0.41,0.85666525,155468.98,2.68,45430.00031,0.29237184,2.988520676,55646.61875,"8,358",716,1.352083,103.819836,Food,104100,785500
Singapore,2015,100,100,44.91,94224000,0.65,47.45,0,0.41,0.85666525,155468.98,2.68,45430.00031,0.29237184,2.988520676,55646.61875,"8,358",716,1.352083,103.819836,Paper/Cardboard,603700,1192200
Singapore,2015,100,100,44.91,94224000,0.65,47.45,0,0.41,0.85666525,155468.98,2.68,45430.00031,0.29237184,2.988520676,55646.61875,"8,358",716,1.352083,103.819836,Plastics,57800,824600
Singapore,2015,100,100,44.91,94224000,0.65,47.45,0,0.41,0.85666525,155468.98,2.68,45430.00031,0.29237184,2.988520676,55646.61875,"8,358",716,1.352083,103.819836,C&D,1402900,1411800
Singapore,2015,100,100,44.91,94224000,0.65,47.45,0,0.41,0.85666525,155468.98,2.68,45430.00031,0.29237184,2.988520676,55646.61875,"8,358",716,1.352083,103.819836,Horticultural waste,237200,362000
Singapore,2015,100,100,44.91,94224000,0.65,47.45,0,0.41,0.85666525,155468.98,2.68,45430.00031,0.29237184,2.988520676,55646.61875,"8,358",716,1.352083,103.819836,Wood,293700,370600
Singapore,2015,100,100,44.91,94224000,0.65,47.45,0,0.41,0.85666525,155468.98,2.68,45430.00031,0.29237184,2.988520676,55646.61875,"8,358",716,1.352083,103.819836,Ferrous metal,1333300,1348500
Singapore,2015,100,100,44.91,94224000,0.65,47.45,0,0.41,0.85666525,155468.98,2.68,45430.00031,0.29237184,2.988520676,55646.61875,"8,358",716,1.352083,103.819836,Non-ferrous metal,160400,180000
Singapore,2015,100,100,44.91,94224000,0.65,47.45,0,0.41,0.85666525,155468.98,2.68,45430.00031,0.29237184,2.988520676,55646.61875,"8,358",716,1.352083,103.819836,Used slag,365800,369900
Singapore,2015,100,100,44.91,94224000,0.65,47.45,0,0.41,0.85666525,155468.98,2.68,45430.00031,0.29237184,2.988520676,55646.61875,"8,358",716,1.352083,103.819836,Ash & Sludge,25200,196000
Singapore,2015,100,100,44.91,94224000,0.65,47.45,0,0.41,0.85666525,155468.98,2.68,45430.00031,0.29237184,2.988520676,55646.61875,"8,358",716,1.352083,103.819836,Glass,14600,75200
Singapore,2015,100,100,44.91,94224000,0.65,47.45,0,0.41,0.85666525,155468.98,2.68,45430.00031,0.29237184,2.988520676,55646.61875,"8,358",716,1.352083,103.819836,Textile/Leather,12500,156700
Singapore,2015,100,100,44.91,94224000,0.65,47.45,0,0.41,0.85666525,155468.98,2.68,45430.00031,0.29237184,2.988520676,55646.61875,"8,358",716,1.352083,103.819836,Scrap tyres,32800,35500
Singapore,2015,100,100,44.91,94224000,0.65,47.45,0,0.41,0.85666525,155468.98,2.68,45430.00031,0.29237184,2.988520676,55646.61875,"8,358",716,1.352083,103.819836,"Others (stones, ceramics & rubber etc)",5700,365000
Singapore,2015,100,100,44.91,94224000,0.65,47.45,0,0.41,0.85666525,155468.98,2.68,45430.00031,0.29237184,2.988520676,55646.61875,"8,358",716,1.352083,103.819836,Total,4649700,7673500
Singapore,2016,100,100,54.31,94224000,0.68,48.58,0,0.53,1.0792098,162248.22,2.66,46099.99847,0.289138,3.329034458,56848.17539,"8,358",716,1.352083,103.819836,Food,111100,791000
Singapore,2016,100,100,54.31,94224000,0.68,48.58,0,0.53,1.0792098,162248.22,2.66,46099.99847,0.289138,3.329034458,56848.17539,"8,358",716,1.352083,103.819836,Paper/Cardboard,607100,1183100
Singapore,2016,100,100,54.31,94224000,0.68,48.58,0,0.53,1.0792098,162248.22,2.66,46099.99847,0.289138,3.329034458,56848.17539,"8,358",716,1.352083,103.819836,Plastics,59500,822200
Singapore,2016,100,100,54.31,94224000,0.68,48.58,0,0.53,1.0792098,162248.22,2.66,46099.99847,0.289138,3.329034458,56848.17539,"8,358",716,1.352083,103.819836,C&D,1585700,1595400
Singapore,2016,100,100,54.31,94224000,0.68,48.58,0,0.53,1.0792098,162248.22,2.66,46099.99847,0.289138,3.329034458,56848.17539,"8,358",716,1.352083,103.819836,Horticultural waste,209000,320500
Singapore,2016,100,100,54.31,94224000,0.68,48.58,0,0.53,1.0792098,162248.22,2.66,46099.99847,0.289138,3.329034458,56848.17539,"8,358",716,1.352083,103.819836,Wood,411600,530700
Singapore,2016,100,100,54.31,94224000,0.68,48.58,0,0.53,1.0792098,162248.22,2.66,46099.99847,0.289138,3.329034458,56848.17539,"8,358",716,1.352083,103.819836,Ferrous metal,1351500,1357500
Singapore,2016,100,100,54.31,94224000,0.68,48.58,0,0.53,1.0792098,162248.22,2.66,46099.99847,0.289138,3.329034458,56848.17539,"8,358",716,1.352083,103.819836,Non-ferrous metal,95900,97200
Singapore,2016,100,100,54.31,94224000,0.68,48.58,0,0.53,1.0792098,162248.22,2.66,46099.99847,0.289138,3.329034458,56848.17539,"8,358",716,1.352083,103.819836,Used slag,247000,251100
Singapore,2016,100,100,54.31,94224000,0.68,48.58,0,0.53,1.0792098,162248.22,2.66,46099.99847,0.289138,3.329034458,56848.17539,"8,358",716,1.352083,103.819836,Ash & Sludge,28300,227300
Singapore,2016,100,100,54.31,94224000,0.68,48.58,0,0.53,1.0792098,162248.22,2.66,46099.99847,0.289138,3.329034458,56848.17539,"8,358",716,1.352083,103.819836,Glass,14700,72300
Singapore,2016,100,100,54.31,94224000,0.68,48.58,0,0.53,1.0792098,162248.22,2.66,46099.99847,0.289138,3.329034458,56848.17539,"8,358",716,1.352083,103.819836,Textile/Leather,10900,150700
Singapore,2016,100,100,54.31,94224000,0.68,48.58,0,0.53,1.0792098,162248.22,2.66,46099.99847,0.289138,3.329034458,56848.17539,"8,358",716,1.352083,103.819836,Scrap tyres,29700,32700
Singapore,2016,100,100,54.31,94224000,0.68,48.58,0,0.53,1.0792098,162248.22,2.66,46099.99847,0.289138,3.329034458,56848.17539,"8,358",716,1.352083,103.819836,"Others (stones, ceramics & rubber etc.)",7000,382500
Singapore,2016,100,100,54.31,94224000,0.68,48.58,0,0.53,1.0792098,162248.22,2.66,46099.99847,0.289138,3.329034458,56848.17539,"8,358",716,1.352083,103.819836,Total,4769000,7814200
Singapore,2017,100,100,57.36,94224000,0.67,49.16,0,0.55,1.1064173,164801.44,2.8,49139.99939,0.28081223,4.520379476,61176.45636,"8,358",716,1.352083,103.819836,Construction debris,1599900,1609300
Singapore,2017,100,100,57.36,94224000,0.67,49.16,0,0.55,1.1064173,164801.44,2.8,49139.99939,0.28081223,4.520379476,61176.45636,"8,358",716,1.352083,103.819836,Ferrous metal,1371000,1378800
Singapore,2017,100,100,57.36,94224000,0.67,49.16,0,0.55,1.1064173,164801.44,2.8,49139.99939,0.28081223,4.520379476,61176.45636,"8,358",716,1.352083,103.819836,Used slag,269400,272500
Singapore,2017,100,100,57.36,94224000,0.67,49.16,0,0.55,1.1064173,164801.44,2.8,49139.99939,0.28081223,4.520379476,61176.45636,"8,358",716,1.352083,103.819836,Non-ferrous metals,92200,93700
Singapore,2017,100,100,57.36,94224000,0.67,49.16,0,0.55,1.1064173,164801.44,2.8,49139.99939,0.28081223,4.520379476,61176.45636,"8,358",716,1.352083,103.819836,Scrap tyres,33000,35900
Singapore,2017,100,100,57.36,94224000,0.67,49.16,0,0.55,1.1064173,164801.44,2.8,49139.99939,0.28081223,4.520379476,61176.45636,"8,358",716,1.352083,103.819836,Wood,326800,424100
Singapore,2017,100,100,57.36,94224000,0.67,49.16,0,0.55,1.1064173,164801.44,2.8,49139.99939,0.28081223,4.520379476,61176.45636,"8,358",716,1.352083,103.819836,Horticultural waste,220700,328300
Singapore,2017,100,100,57.36,94224000,0.67,49.16,0,0.55,1.1064173,164801.44,2.8,49139.99939,0.28081223,4.520379476,61176.45636,"8,358",716,1.352083,103.819836,Paper/Cardboard,568800,1144800
Singapore,2017,100,100,57.36,94224000,0.67,49.16,0,0.55,1.1064173,164801.44,2.8,49139.99939,0.28081223,4.520379476,61176.45636,"8,358",716,1.352083,103.819836,Glass,12400,71300
Singapore,2017,100,100,57.36,94224000,0.67,49.16,0,0.55,1.1064173,164801.44,2.8,49139.99939,0.28081223,4.520379476,61176.45636,"8,358",716,1.352083,103.819836,Food,133000,809800
Singapore,2017,100,100,57.36,94224000,0.67,49.16,0,0.55,1.1064173,164801.44,2.8,49139.99939,0.28081223,4.520379476,61176.45636,"8,358",716,1.352083,103.819836,Ash and sludge,28600,243400
Singapore,2017,100,100,57.36,94224000,0.67,49.16,0,0.55,1.1064173,164801.44,2.8,49139.99939,0.28081223,4.520379476,61176.45636,"8,358",716,1.352083,103.819836,Plastic,51800,815200
Singapore,2017,100,100,57.36,94224000,0.67,49.16,0,0.55,1.1064173,164801.44,2.8,49139.99939,0.28081223,4.520379476,61176.45636,"8,358",716,1.352083,103.819836,Textile/Leather,9600,150800
Singapore,2017,100,100,57.36,94224000,0.67,49.16,0,0.55,1.1064173,164801.44,2.8,49139.99939,0.28081223,4.520379476,61176.45636,"8,358",716,1.352083,103.819836,"Others (stones, ceramic, rubber, etc.)",7100,326400
Singapore,2017,100,100,57.36,94224000,0.67,49.16,0,0.55,1.1064173,164801.44,2.8,49139.99939,0.28081223,4.520379476,61176.45636,"8,358",716,1.352083,103.819836,Total,4724300,7704300
Singapore,2018,100,100,65.66,94224000,0.73,49.87,0,0.67,1.3256826,163526.77,2.51,47400.00153,0.2784224,3.497469601,66679.04649,"8,358",716,1.352083,103.819836,Construction& Demolition,1618,1624
Singapore,2018,100,100,65.66,94224000,0.73,49.87,0,0.67,1.3256826,163526.77,2.51,47400.00153,0.2784224,3.497469601,66679.04649,"8,358",716,1.352083,103.819836,Ferrous Metal,126,1269
Singapore,2018,100,100,65.66,94224000,0.73,49.87,0,0.67,1.3256826,163526.77,2.51,47400.00153,0.2784224,3.497469601,66679.04649,"8,358",716,1.352083,103.819836,Paper/Cardboard,586,1054
Singapore,2018,100,100,65.66,94224000,0.73,49.87,0,0.67,1.3256826,163526.77,2.51,47400.00153,0.2784224,3.497469601,66679.04649,"8,358",716,1.352083,103.819836,Plastics,41,949
Singapore,2018,100,100,65.66,94224000,0.73,49.87,0,0.67,1.3256826,163526.77,2.51,47400.00153,0.2784224,3.497469601,66679.04649,"8,358",716,1.352083,103.819836,Food,126,763
Singapore,2018,100,100,65.66,94224000,0.73,49.87,0,0.67,1.3256826,163526.77,2.51,47400.00153,0.2784224,3.497469601,66679.04649,"8,358",716,1.352083,103.819836,Wood,428,521
Singapore,2018,100,100,65.66,94224000,0.73,49.87,0,0.67,1.3256826,163526.77,2.51,47400.00153,0.2784224,3.497469601,66679.04649,"8,358",716,1.352083,103.819836,Horticultural,227,320
Singapore,2018,100,100,65.66,94224000,0.73,49.87,0,0.67,1.3256826,163526.77,2.51,47400.00153,0.2784224,3.497469601,66679.04649,"8,358",716,1.352083,103.819836,Ash & Sludge,25,240
Singapore,2018,100,100,65.66,94224000,0.73,49.87,0,0.67,1.3256826,163526.77,2.51,47400.00153,0.2784224,3.497469601,66679.04649,"8,358",716,1.352083,103.819836,Textile/Leather,14,220
Singapore,2018,100,100,65.66,94224000,0.73,49.87,0,0.67,1.3256826,163526.77,2.51,47400.00153,0.2784224,3.497469601,66679.04649,"8,358",716,1.352083,103.819836,Used Slag,179,181
Singapore,2018,100,100,65.66,94224000,0.73,49.87,0,0.67,1.3256826,163526.77,2.51,47400.00153,0.2784224,3.497469601,66679.04649,"8,358",716,1.352083,103.819836,Non-Ferrous Metal,170,171
Singapore,2018,100,100,65.66,94224000,0.73,49.87,0,0.67,1.3256826,163526.77,2.51,47400.00153,0.2784224,3.497469601,66679.04649,"8,358",716,1.352083,103.819836,Glass,12,64
Singapore,2018,100,100,65.66,94224000,0.73,49.87,0,0.67,1.3256826,163526.77,2.51,47400.00153,0.2784224,3.497469601,66679.04649,"8,358",716,1.352083,103.819836,Scrap Tyres,29,32
Singapore,2018,100,100,65.66,94224000,0.73,49.87,0,0.67,1.3256826,163526.77,2.51,47400.00153,0.2784224,3.497469601,66679.04649,"8,358",716,1.352083,103.819836,"Others (stones, ceramic, rubber, ect)",11,286
Singapore,2018,100,100,65.66,94224000,0.73,49.87,0,0.67,1.3256826,163526.77,2.51,47400.00153,0.2784224,3.497469601,66679.04649,"8,358",716,1.352083,103.819836,Overall,4726,7695
Singapore,2019,100,100,84.47,94224000,0.84,50.96,0,0.78,1.5075376,158657.89,2.57,47380.00107,0.2995429,1.345217486,65640.70795,"8,358",716,1.352083,103.819836,Construction& Demolition,1434,1440
Singapore,2019,100,100,84.47,94224000,0.84,50.96,0,0.78,1.5075376,158657.89,2.57,47380.00107,0.2995429,1.345217486,65640.70795,"8,358",716,1.352083,103.819836,Ferrous Metal,1270,1278
Singapore,2019,100,100,84.47,94224000,0.84,50.96,0,0.78,1.5075376,158657.89,2.57,47380.00107,0.2995429,1.345217486,65640.70795,"8,358",716,1.352083,103.819836,Paper/Cardboard,449,1011
Singapore,2019,100,100,84.47,94224000,0.84,50.96,0,0.78,1.5075376,158657.89,2.57,47380.00107,0.2995429,1.345217486,65640.70795,"8,358",716,1.352083,103.819836,Plastics,37,930
Singapore,2019,100,100,84.47,94224000,0.84,50.96,0,0.78,1.5075376,158657.89,2.57,47380.00107,0.2995429,1.345217486,65640.70795,"8,358",716,1.352083,103.819836,Food,136,7440
Singapore,2019,100,100,84.47,94224000,0.84,50.96,0,0.78,1.5075376,158657.89,2.57,47380.00107,0.2995429,1.345217486,65640.70795,"8,358",716,1.352083,103.819836,Wood,289,438
Singapore,2019,100,100,84.47,94224000,0.84,50.96,0,0.78,1.5075376,158657.89,2.57,47380.00107,0.2995429,1.345217486,65640.70795,"8,358",716,1.352083,103.819836,Horticultural,293,400
Singapore,2019,100,100,84.47,94224000,0.84,50.96,0,0.78,1.5075376,158657.89,2.57,47380.00107,0.2995429,1.345217486,65640.70795,"8,358",716,1.352083,103.819836,Ash & Sludge,25,252
Singapore,2019,100,100,84.47,94224000,0.84,50.96,0,0.78,1.5075376,158657.89,2.57,47380.00107,0.2995429,1.345217486,65640.70795,"8,358",716,1.352083,103.819836,Textile/Leather,6,168
Singapore,2019,100,100,84.47,94224000,0.84,50.96,0,0.78,1.5075376,158657.89,2.57,47380.00107,0.2995429,1.345217486,65640.70795,"8,358",716,1.352083,103.819836,Used Slag,127,129
Singapore,2019,100,100,84.47,94224000,0.84,50.96,0,0.78,1.5075376,158657.89,2.57,47380.00107,0.2995429,1.345217486,65640.70795,"8,358",716,1.352083,103.819836,Non-Ferrous Metal,124,126
Singapore,2019,100,100,84.47,94224000,0.84,50.96,0,0.78,1.5075376,158657.89,2.57,47380.00107,0.2995429,1.345217486,65640.70795,"8,358",716,1.352083,103.819836,Glass,11,75
Singapore,2019,100,100,84.47,94224000,0.84,50.96,0,0.78,1.5075376,158657.89,2.57,47380.00107,0.2995429,1.345217486,65640.70795,"8,358",716,1.352083,103.819836,Scrap Tyres,31,33
Singapore,2019,100,100,84.47,94224000,0.84,50.96,0,0.78,1.5075376,158657.89,2.57,47380.00107,0.2995429,1.345217486,65640.70795,"8,358",716,1.352083,103.819836,"Others (stones, ceramic, rubber, ect)",15,210
Singapore,2019,100,100,84.47,94224000,0.84,50.96,0,0.78,1.5075376,158657.89,2.57,47380.00107,0.2995429,1.345217486,65640.70795,"8,358",716,1.352083,103.819836,Overall,4247,7234
Singapore,2020,100,100,93.64,94224000,32.63816498,50.04,0,0.83,1.63161,154256.3,5.307345059,59866.46269,0.30993885,-5.391021406,59797.75218,"8,358",716,1.352083,103.819836,Paper/Cardboard,432,1144
Singapore,2020,100,100,93.64,94224000,32.63816498,50.04,0,0.83,1.63161,154256.3,5.307345059,59866.46269,0.30993885,-5.391021406,59797.75218,"8,358",716,1.352083,103.819836,Ferrous metal,930,934
Singapore,2020,100,100,93.64,94224000,32.63816498,50.04,0,0.83,1.63161,154256.3,5.307345059,59866.46269,0.30993885,-5.391021406,59797.75218,"8,358",716,1.352083,103.819836,Plastics,36,868
Singapore,2020,100,100,93.64,94224000,32.63816498,50.04,0,0.83,1.63161,154256.3,5.307345059,59866.46269,0.30993885,-5.391021406,59797.75218,"8,358",716,1.352083,103.819836,Construction & Demolition,822,825
Singapore,2020,100,100,93.64,94224000,32.63816498,50.04,0,0.83,1.63161,154256.3,5.307345059,59866.46269,0.30993885,-5.391021406,59797.75218,"8,358",716,1.352083,103.819836,Food,126,665
Singapore,2020,100,100,93.64,94224000,32.63816498,50.04,0,0.83,1.63161,154256.3,5.307345059,59866.46269,0.30993885,-5.391021406,59797.75218,"8,358",716,1.352083,103.819836,Horticultural,249,313
Singapore,2020,100,100,93.64,94224000,32.63816498,50.04,0,0.83,1.63161,154256.3,5.307345059,59866.46269,0.30993885,-5.391021406,59797.75218,"8,358",716,1.352083,103.819836,Wood,195,304
Singapore,2020,100,100,93.64,94224000,32.63816498,50.04,0,0.83,1.63161,154256.3,5.307345059,59866.46269,0.30993885,-5.391021406,59797.75218,"8,358",716,1.352083,103.819836,Ash & sludge,16,228
Singapore,2020,100,100,93.64,94224000,32.63816498,50.04,0,0.83,1.63161,154256.3,5.307345059,59866.46269,0.30993885,-5.391021406,59797.75218,"8,358",716,1.352083,103.819836,Textile/Leather,6,137
Singapore,2020,100,100,93.64,94224000,32.63816498,50.04,0,0.83,1.63161,154256.3,5.307345059,59866.46269,0.30993885,-5.391021406,59797.75218,"8,358",716,1.352083,103.819836,Used slag,104,106
Singapore,2020,100,100,93.64,94224000,32.63816498,50.04,0,0.83,1.63161,154256.3,5.307345059,59866.46269,0.30993885,-5.391021406,59797.75218,"8,358",716,1.352083,103.819836,Non-ferrous metal,73,75
Singapore,2020,100,100,93.64,94224000,32.63816498,50.04,0,0.83,1.63161,154256.3,5.307345059,59866.46269,0.30993885,-5.391021406,59797.75218,"8,358",716,1.352083,103.819836,Glass,7,66
Singapore,2020,100,100,93.64,94224000,32.63816498,50.04,0,0.83,1.63161,154256.3,5.307345059,59866.46269,0.30993885,-5.391021406,59797.75218,"8,358",716,1.352083,103.819836,Scrap tyres,22,23
Singapore,2020,100,100,93.64,94224000,32.63816498,50.04,0,0.83,1.63161,154256.3,5.307345059,59866.46269,0.30993885,-5.391021406,59797.75218,"8,358",716,1.352083,103.819836,"Others (stones, ceramics, etc.)",21,193
Singapore,2020,100,100,93.64,94224000,32.63816498,50.04,0,0.83,1.63161,154256.3,5.307345059,59866.46269,0.30993885,-5.391021406,59797.75218,"8,358",716,1.352083,103.819836,Overall,3040,5880
